,0,1,2,3,4,5,6,7,8,9,10,11,12,13,14,15,16,17,18,19,20,21,22,23,24,25,26,27,28,29,30,31,32,33,34,35,36,37,38,39,40,41,42,43,44,45,46,47,48,49,50,51,52,53,54,55,56,57,58,59,60,61,62,63,64,65,66,67,68,69,70,71,72,73,74,75,76,77,78,79,80,81,82,83,84,85,86,87,88,89,90,91,92,93,94,95,96,97,98,99,100,101,102,103,104,105,106,107,108,109,110,111,112,113,114,115,116,117,118,119,120,121,122,123,124,125,126,127,128
0,-0.13735151290893555,0.11918140202760696,0.040716249495744705,-0.027762509882450104,-0.05375533550977707,-0.05590119585394859,-0.06731489300727844,-0.09936252236366272,0.11014571785926819,-0.09398385882377625,0.17052190005779266,-0.09804929047822952,-0.1965901106595993,-0.10895393788814545,-0.01144874095916748,0.14206010103225708,-0.17263755202293396,-0.14632214605808258,-0.0477805957198143,-0.07030031085014343,0.06441771984100342,-0.034099094569683075,-0.03530455753207207,0.05579501762986183,-0.09046923369169235,-0.36732715368270874,-0.07812865078449249,-0.06334525346755981,0.03764277696609497,-0.08311687409877777,-0.0786513239145279,0.053346745669841766,-0.14924116432666779,-0.05644433945417404,0.0038702357560396194,0.08774423599243164,-0.03674290329217911,-0.07787126302719116,0.22674325108528137,-0.056650012731552124,-0.14529435336589813,-0.022328851744532585,0.05331660807132721,0.2583591639995575,0.1772543042898178,0.029172036796808243,0.039996787905693054,-0.04731525480747223,0.10751958936452866,-0.19210772216320038,0.04372616112232208,0.18747711181640625,0.03152654320001602,0.07041333615779877,0.052857957780361176,-0.14075255393981934,-0.010767553001642227,0.08714420348405838,-0.14572086930274963,0.035355743020772934,0.032430678606033325,-0.1640799343585968,-0.06899230182170868,-0.06866622716188431,0.17506945133209229,0.1264699548482895,-0.05386579781770706,-0.18709692358970642,0.1531398445367813,-0.15506987273693085,-0.08316464722156525,-0.012463314458727837,-0.11728503555059433,-0.154105082154274,-0.34796854853630066,0.02339368313550949,0.3464583158493042,0.17878834903240204,-0.1427614837884903,0.10096404701471329,-0.021253293380141258,-0.04694085940718651,0.154948428273201,0.10490477085113525,-0.07876412570476532,0.03275170177221298,-0.10222946107387543,0.08450572937726974,0.16870370507240295,0.006001102738082409,-0.08857075124979019,0.11598871648311615,-0.007296182215213776,0.0669054239988327,0.03604438155889511,0.009942222386598587,-0.060034461319446564,-0.0005532084032893181,-0.14423805475234985,0.0008534025400876999,0.12056432664394379,-0.027486387640237808,0.017276374623179436,0.13425815105438232,-0.1279926300048828,0.0844893753528595,0.013682175427675247,0.019028812646865845,-0.050963129848241806,0.00815204530954361,-0.13024647533893585,-0.0025434973649680614,0.1088467389345169,-0.20426909625530243,0.1727811098098755,0.18147416412830353,0.04479379951953888,0.1486906111240387,0.13328690826892853,0.021147141233086586,0.034988030791282654,-0.04903269559144974,-0.18226462602615356,-0.056436941027641296,0.06969638913869858,0.09730437397956848,0.1104319840669632,0.06842052936553955,0.0
1,-0.121586374938488,0.13107004761695862,0.05675545334815979,-0.03702821955084801,-0.04658818244934082,-0.058860067278146744,-0.06774497032165527,-0.10779259353876114,0.09965155273675919,-0.07166605442762375,0.19951069355010986,-0.10739479959011078,-0.17402346432209015,-0.13039490580558777,-0.0130101777613163,0.1562039703130722,-0.1845937967300415,-0.14390742778778076,-0.047347042709589005,-0.05836373195052147,0.07826615869998932,-0.04603985697031021,-0.018307549878954887,0.043536022305488586,-0.09412398189306259,-0.37955552339553833,-0.08397714793682098,-0.05126421898603439,0.04144761338829994,-0.07611867040395737,-0.0639810860157013,0.06658397614955902,-0.18314887583255768,-0.05693042278289795,-0.004234098829329014,0.08931747823953629,-0.042084626853466034,-0.0891348272562027,0.21130092442035675,-0.07670867443084717,-0.1537943333387375,-0.017766334116458893,0.0736667811870575,0.23746606707572937,0.1976659893989563,0.015603307634592056,0.03567700833082199,-0.05676797777414322,0.09389486163854599,-0.15704675018787384,0.012717848643660545,0.1928287297487259,0.009710436686873436,0.07065495103597641,0.04502927511930466,-0.09795863181352615,0.010715007781982422,0.09148231148719788,-0.1521512269973755,-0.012063843198120594,0.03247182071208954,-0.15327751636505127,-0.07473179697990417,-0.08112401515245438,0.16650071740150452,0.10875024646520615,-0.04000421240925789,-0.20838217437267303,0.14708781242370605,-0.1414201706647873,-0.08156947046518326,0.007113481871783733,-0.12608681619167328,-0.14975975453853607,-0.3613296449184418,0.007171133533120155,0.3374859392642975,0.14959187805652618,-0.1460491567850113,0.12298113107681274,-0.021747658029198647,-0.04932490736246109,0.16526833176612854,0.08626176416873932,-0.06506019085645676,0.04756436496973038,-0.12677350640296936,0.08088257908821106,0.17655980587005615,-0.006517949514091015,-0.07341796159744263,0.11615607142448425,-0.01157124899327755,0.04834036901593208,0.04360402747988701,0.014951887540519238,-0.056172288954257965,0.020704302936792374,-0.17446985840797424,-0.013506599701941013,0.11800679564476013,-0.010071353055536747,-0.004033657722175121,0.13225319981575012,-0.11961567401885986,0.07015690207481384,0.02928268350660801,0.02738370932638645,-0.04854275658726692,-0.018446963280439377,-0.13327550888061523,-0.019798284396529198,0.10244045406579971,-0.20453611016273499,0.15248744189739227,0.17016015946865082,0.03171786665916443,0.12447918206453323,0.14872485399246216,0.03429626673460007,0.00329766608774662,-0.057867735624313354,-0.19028237462043762,-0.0377497561275959,0.08268733322620392,0.09509848058223724,0.11198825389146805,0.051208771765232086,0.0
2,-0.11933330446481705,0.10438188910484314,0.047901518642902374,-0.019135072827339172,-0.049488697201013565,-0.06097884103655815,-0.07323785126209259,-0.10338162630796432,0.12068686634302139,-0.09118443727493286,0.17114828526973724,-0.048497818410396576,-0.13742533326148987,-0.08340789377689362,-0.009782189503312111,0.1359671950340271,-0.1546952724456787,-0.13657653331756592,-0.03215190768241882,-0.10715946555137634,0.04888585954904556,-0.0009620623895898461,-0.02656415104866028,0.08003056049346924,-0.11388649046421051,-0.3588011860847473,-0.08554571866989136,-0.0955287292599678,0.025992590934038162,-0.04043634235858917,-0.060733988881111145,0.0688791275024414,-0.1520487666130066,-0.030362257733941078,0.011747978627681732,0.08800981938838959,-0.009256628341972828,-0.05747342109680176,0.22046950459480286,-0.054880544543266296,-0.16674113273620605,-0.007619932293891907,0.07630738615989685,0.27302756905555725,0.2091914713382721,-0.019604133442044258,0.025234051048755646,-0.021065784618258476,0.13527202606201172,-0.18282854557037354,0.07783599197864532,0.151902437210083,0.044868893921375275,0.051545314490795135,0.050035830587148666,-0.14976976811885834,-0.02031971700489521,0.11094865202903748,-0.16384324431419373,0.0472625307738781,0.019865848124027252,-0.19408246874809265,-0.06081564724445343,-0.06260434538125992,0.1875144988298416,0.16087789833545685,-0.06387319415807724,-0.177999809384346,0.16160057485103607,-0.14516432583332062,-0.04275701195001602,-0.008163616061210632,-0.1504165381193161,-0.1517641842365265,-0.351874977350235,0.0539105199277401,0.3883804678916931,0.14838697016239166,-0.13959155976772308,0.12261693179607391,-0.02364044077694416,-0.03292183578014374,0.14960642158985138,0.10881409049034119,-0.052885204553604126,-0.005515256896615028,-0.09505598247051239,0.10015047341585159,0.1826842725276947,0.01644578017294407,-0.09589482843875885,0.11206848919391632,-0.060682862997055054,0.06497887521982193,0.031982675194740295,0.03455134108662605,-0.08853436261415482,0.006938266102224588,-0.1538064330816269,0.022707313299179077,0.05962331220507622,-0.03373867645859718,0.011276884004473686,0.1261732578277588,-0.1490364670753479,0.09102408587932587,0.026044931262731552,0.019170623272657394,-0.044327329844236374,0.01458219438791275,-0.12642011046409607,0.0018958172295242548,0.12881015241146088,-0.1846838891506195,0.21387365460395813,0.12605275213718414,0.05062033608555794,0.19166094064712524,0.11172843724489212,0.020357033237814903,0.020498696714639664,-0.06765853613615036,-0.2025749236345291,-0.01360616646707058,0.07560553401708603,0.046246036887168884,0.12009036540985107,0.08312132209539413,0.0
3,-0.1199209988117218,0.1406407654285431,0.04210035875439644,-0.04520449414849281,-0.048232488334178925,-0.06633677333593369,-0.07789379358291626,-0.10807225108146667,0.1097588837146759,-0.11420716345310211,0.18550343811511993,-0.04774373769760132,-0.1457851231098175,-0.08405392616987228,-0.007063365541398525,0.1383393555879593,-0.16411155462265015,-0.13479523360729218,-0.048040784895420074,-0.09080099314451218,0.08435919880867004,0.030809573829174042,-0.02824440971016884,0.0882163867354393,-0.10430097579956055,-0.3466227650642395,-0.07805569469928741,-0.07586684823036194,0.02422841638326645,-0.04664202407002449,-0.0605459101498127,0.06375110149383545,-0.14574818313121796,-0.03634432703256607,-0.0003755856305360794,0.09218693524599075,-0.0023367025423794985,-0.059667088091373444,0.22174297273159027,-0.05545077472925186,-0.1806749552488327,0.006908859591931105,0.07594797015190125,0.28696098923683167,0.21959689259529114,-0.026936586946249008,0.033957719802856445,-0.037736013531684875,0.13057993352413177,-0.19255654513835907,0.06597454845905304,0.1462460458278656,0.05377255380153656,0.04537323862314224,0.045806244015693665,-0.15282295644283295,-0.024792158976197243,0.12257397919893265,-0.16626989841461182,0.03617753088474274,0.014534754678606987,-0.19624803960323334,-0.04396164044737816,-0.0641864612698555,0.1807832419872284,0.13360904157161713,-0.06831836700439453,-0.1770029217004776,0.15686441957950592,-0.147336944937706,-0.06874599307775497,0.014320917427539825,-0.15156042575836182,-0.15591256320476532,-0.3663023114204407,0.041912809014320374,0.3866630494594574,0.15685464441776276,-0.13976310193538666,0.13226133584976196,-0.026942068710923195,-0.03900483250617981,0.15723584592342377,0.1127929762005806,-0.04297102987766266,-0.004866642877459526,-0.10742597281932831,0.12020349502563477,0.19881917536258698,0.003882140852510929,-0.1045851930975914,0.13553769886493683,-0.03105538710951805,0.0632624551653862,0.029648665338754654,0.04600701853632927,-0.0765799731016159,0.007195313926786184,-0.15959617495536804,0.030218295753002167,0.0582621805369854,-0.03188558295369148,-0.004063763655722141,0.14188611507415771,-0.15519371628761292,0.09382663667201996,0.02576529234647751,0.01817987859249115,-0.05031608045101166,0.0051708160899579525,-0.12279732525348663,-0.003512695664539933,0.12740547955036163,-0.18081702291965485,0.18303422629833221,0.14793147146701813,0.04914267361164093,0.1898757517337799,0.12054247409105301,0.013250061310827732,0.03274912014603615,-0.0809597298502922,-0.22018182277679443,-0.019564159214496613,0.0977022647857666,0.05861944705247879,0.1357792168855667,0.0849202573299408,0.0
4,-0.10347671806812286,0.12817536294460297,0.038625892251729965,-0.020634861662983894,-0.028192460536956787,-0.06474217772483826,-0.07969661802053452,-0.11881037801504135,0.13182677328586578,-0.10907970368862152,0.15600000321865082,-0.03922846540808678,-0.16607624292373657,-0.10984493792057037,0.018850235268473625,0.13242124021053314,-0.1801220178604126,-0.16289065778255463,-0.057132456451654434,-0.06790471822023392,0.07824432849884033,0.020461689680814743,-0.017932191491127014,0.03469959646463394,-0.10101000964641571,-0.3627642095088959,-0.08566323667764664,-0.07741004228591919,0.07041140645742416,-0.012653554789721966,-0.09104496985673904,0.04494515433907509,-0.14836536347866058,-0.06037657707929611,0.02053157240152359,0.10801801830530167,-0.030263759195804596,-0.06651648133993149,0.23612093925476074,-0.005939603317528963,-0.17633192241191864,-0.004625451751053333,0.04612687602639198,0.2714882493019104,0.2255040854215622,0.020232820883393288,0.05089373141527176,-0.0467124804854393,0.13023237884044647,-0.18869203329086304,0.020834095776081085,0.1944086253643036,0.037668779492378235,0.08101548254489899,0.05200030654668808,-0.13452261686325073,-0.005107877776026726,0.07067915052175522,-0.18275095522403717,0.03241962939500809,0.04123672842979431,-0.18089912831783295,-0.0468687005341053,-0.04836999252438545,0.18888255953788757,0.10228589922189713,-0.05431379750370979,-0.1992606520652771,0.15480205416679382,-0.18438103795051575,-0.10052426904439926,0.012500662356615067,-0.13838894665241241,-0.14432504773139954,-0.35214149951934814,0.012484164908528328,0.3625463545322418,0.1660875529050827,-0.1255936622619629,0.1256950944662094,-0.022709893062710762,-0.06547725200653076,0.16645202040672302,0.11729611456394196,-0.03749438747763634,0.04688882827758789,-0.11417567729949951,0.06157267093658447,0.22076398134231567,-0.017281727865338326,-0.07827334105968475,0.14171527326107025,-0.011539099738001823,0.08237641304731369,0.04018796235322952,0.02824569307267666,-0.07223978638648987,-0.005951158702373505,-0.17119881510734558,-0.019448501989245415,0.08857548236846924,-0.01939024031162262,0.027772556990385056,0.12574125826358795,-0.11675197631120682,0.09110796451568604,0.006442815065383911,0.018796555697917938,-0.0564984492957592,-0.017608027905225754,-0.13791275024414062,-0.02612886019051075,0.1269126981496811,-0.16931457817554474,0.18004803359508514,0.18371301889419556,0.04522257298231125,0.14112026989459991,0.1355929672718048,0.018798574805259705,0.007880928926169872,-0.04324498027563095,-0.19759435951709747,-0.06314775347709656,0.052233852446079254,0.09421654045581818,0.11725297570228577,0.06424091011285782,0.0
5,-0.07544851303100586,0.13923296332359314,0.0348350927233696,-0.04094959795475006,-0.021170254796743393,-0.04006912186741829,-0.091804139316082,-0.12827113270759583,0.13482004404067993,-0.11357424408197403,0.16890311241149902,-0.049998894333839417,-0.1655873954296112,-0.1221722662448883,0.007194802165031433,0.1434323638677597,-0.18208537995815277,-0.13493512570858002,-0.058297134935855865,-0.054435987025499344,0.041608598083257675,-0.02023567631840706,-0.02309952862560749,0.022913137450814247,-0.0642753317952156,-0.37564539909362793,-0.10186898708343506,-0.07481320947408676,0.0591404102742672,-0.033721521496772766,-0.10980107635259628,0.037904176861047745,-0.16487213969230652,-0.06820371001958847,-0.00015623774379491806,0.10613246262073517,-0.03570782020688057,-0.0859217718243599,0.1887167990207672,-0.038746219128370285,-0.14529858529567719,0.02035822719335556,0.03740725293755531,0.23900657892227173,0.20350167155265808,0.012985031120479107,0.06689170002937317,-0.05139302834868431,0.12579068541526794,-0.13864199817180634,0.02688511088490486,0.15246367454528809,0.04632284492254257,0.06556897610425949,0.04997718334197998,-0.14026930928230286,-0.0023140013217926025,0.08420227468013763,-0.15330787003040314,0.03856359049677849,0.05176971107721329,-0.17435212433338165,-0.07492955029010773,-0.04098285362124443,0.18910998106002808,0.10932016372680664,-0.05291573703289032,-0.21676500141620636,0.16249510645866394,-0.14374162256717682,-0.05549773946404457,-0.00951545313000679,-0.13436010479927063,-0.14254598319530487,-0.335079550743103,0.050453007221221924,0.35056841373443604,0.15012086927890778,-0.12664587795734406,0.12143551558256149,-0.037491101771593094,-0.0504121370613575,0.1480671614408493,0.10599348694086075,-0.04754440858960152,0.04140008985996246,-0.12148874253034592,0.06738248467445374,0.20460116863250732,-0.015872199088335037,-0.06879354268312454,0.1291777789592743,-0.04643956571817398,0.06438378244638443,0.019305557012557983,0.01594771072268486,-0.07646173238754272,0.02183535322546959,-0.15057985484600067,-0.004443543963134289,0.12700507044792175,-0.06402914971113205,-0.001608644612133503,0.12402942031621933,-0.12595996260643005,0.06165018677711487,0.0010130084119737148,0.03547414392232895,-0.015176981687545776,-0.010778658092021942,-0.1464395970106125,-0.030735153704881668,0.1398594230413437,-0.20023491978645325,0.18411852419376373,0.18362756073474884,0.05880672112107277,0.13466745615005493,0.14472509920597076,0.04193626344203949,0.02893524244427681,-0.052440423518419266,-0.21560657024383545,-0.061221834272146225,0.05840205401182175,0.10149240493774414,0.09600824117660522,0.06888268887996674,0.0
6,-0.1606140434741974,0.1377890557050705,0.04672170430421829,-0.05423515662550926,-0.06378212571144104,-0.037543974816799164,-0.06146375089883804,-0.1039629727602005,0.13014140725135803,-0.09765083342790604,0.14747966825962067,-0.06153067573904991,-0.1341102421283722,-0.11395508795976639,0.03934931382536888,0.11619444936513901,-0.16295766830444336,-0.17130208015441895,-0.06132369115948677,-0.08016076683998108,0.03692536801099777,-0.0004097821656614542,-0.030537541955709457,0.0414261594414711,-0.1480133831501007,-0.36845797300338745,-0.09062696248292923,-0.07594344019889832,0.07031840085983276,-0.011098001152276993,-0.05423615127801895,0.03823249414563179,-0.16538897156715393,-0.04609104245901108,0.017421845346689224,0.16139169037342072,-0.03495241329073906,-0.08613219112157822,0.21520313620567322,-0.04520506411790848,-0.13561409711837769,0.0013455534353852272,0.039580218493938446,0.28866979479789734,0.1662030667066574,-0.020928865298628807,0.05641469359397888,-0.04458308219909668,0.13736508786678314,-0.15681128203868866,0.06481260061264038,0.17160755395889282,0.01192400697618723,0.04732988029718399,0.08664233982563019,-0.1265823096036911,0.03341350704431534,0.09307024627923965,-0.18301638960838318,0.03285890072584152,0.038187477737665176,-0.13623733818531036,-0.08645395934581757,-0.07112821936607361,0.1813560426235199,0.12871196866035461,-0.04502551630139351,-0.18600119650363922,0.16571681201457977,-0.12532179057598114,-0.03013698011636734,0.005378023721277714,-0.1435088962316513,-0.1310739517211914,-0.3510676324367523,0.04603893682360649,0.39807671308517456,0.1565542072057724,-0.1486705243587494,0.10602948814630508,-0.018983764573931694,-0.04119041934609413,0.16751572489738464,0.09154880791902542,-0.10072071105241776,0.04164557904005051,-0.13029000163078308,0.12045355141162872,0.19031724333763123,0.019829269498586655,-0.0731319934129715,0.12515376508235931,0.024250773712992668,0.03909062594175339,0.058353811502456665,0.0045948876067996025,-0.08019144833087921,-0.031899213790893555,-0.16155663132667542,-0.004886704497039318,0.14233630895614624,-0.05954901874065399,0.004265910480171442,0.14627966284751892,-0.14462584257125854,0.08640653640031815,0.04742618277668953,0.0054399557411670685,-0.045139577239751816,-0.00014834734611213207,-0.15354366600513458,-0.031499411910772324,0.13838627934455872,-0.18547002971172333,0.12928929924964905,0.15477512776851654,0.02785218134522438,0.16031776368618011,0.142319917678833,0.02404526062309742,-0.004165986552834511,-0.023965923115611076,-0.1725868284702301,-0.03260945901274681,0.04509584605693817,0.09280986338853836,0.1074785590171814,0.09190462529659271,0.0
7,-0.12174022197723389,0.12991604208946228,0.06608923524618149,-0.02870918996632099,-0.04894714057445526,-0.048373833298683167,-0.0737178698182106,-0.10498112440109253,0.11172983050346375,-0.09518375992774963,0.1749475747346878,-0.0799640417098999,-0.18257392942905426,-0.11869340389966965,-0.017813395708799362,0.1461818665266037,-0.1745109260082245,-0.14438898861408234,-0.0446842759847641,-0.04349491372704506,0.07261234521865845,-0.031763706356287,-0.04314272850751877,0.036578722298145294,-0.07575277984142303,-0.3579252362251282,-0.07978721708059311,-0.0530746653676033,0.03589871525764465,-0.06439100205898285,-0.07918709516525269,0.052202656865119934,-0.1590280830860138,-0.06980961561203003,0.005996108986437321,0.07838144898414612,-0.03844137489795685,-0.07286190986633301,0.21981680393218994,-0.06278983503580093,-0.162093386054039,-0.0003133723512291908,0.05921477451920509,0.24631308019161224,0.17629891633987427,0.023979390040040016,0.03729059547185898,-0.04063938185572624,0.10531307011842728,-0.19023936986923218,0.030590873211622238,0.1842949390411377,0.02913745865225792,0.07213766127824783,0.06350236386060715,-0.15485858917236328,0.0012034615501761436,0.07881569862365723,-0.13731315732002258,0.029895290732383728,0.03387186676263809,-0.1785997599363327,-0.05786045268177986,-0.06069715693593025,0.16514712572097778,0.10065525025129318,-0.04159434884786606,-0.2005300521850586,0.14548689126968384,-0.13028070330619812,-0.06776835769414902,0.006502521224319935,-0.1263771504163742,-0.14795327186584473,-0.35372695326805115,0.03922020643949509,0.35626137256622314,0.17894230782985687,-0.1392805427312851,0.11758092045783997,-0.019046522676944733,-0.03575802594423294,0.14817680418491364,0.09413167089223862,-0.07115702331066132,0.053621336817741394,-0.10450328886508942,0.0762413814663887,0.15837618708610535,0.008724365383386612,-0.08708014339208603,0.12001562863588333,-0.013055279850959778,0.05896701663732529,0.040039680898189545,-0.004517852328717709,-0.04649766534566879,-0.0038267169147729874,-0.16290152072906494,-0.0031179646030068398,0.12542948126792908,-0.034792739897966385,0.01970744878053665,0.13991540670394897,-0.13281169533729553,0.06266819685697556,0.0043420386500656605,0.021082643419504166,-0.056854378432035446,0.010347260162234306,-0.13703128695487976,0.007854336872696877,0.10908718407154083,-0.2041572481393814,0.18197095394134521,0.1769157201051712,0.04783428832888603,0.13626709580421448,0.15111100673675537,0.015036574564874172,0.022527609020471573,-0.048375826328992844,-0.16891595721244812,-0.06438733637332916,0.08064977824687958,0.0959445908665657,0.12869957089424133,0.06452708691358566,0.0
8,-0.12468621879816055,0.11738141626119614,0.034735407680273056,-0.03826792910695076,-0.016147693619132042,-0.06032523512840271,-0.07962910830974579,-0.12688349187374115,0.12929557263851166,-0.08303184807300568,0.17309348285198212,-0.07968437671661377,-0.15695393085479736,-0.14169946312904358,-0.014143132604658604,0.15626507997512817,-0.18487466871738434,-0.16031624376773834,-0.05327186733484268,-0.056765586137771606,0.06537532806396484,-0.056732818484306335,-0.027181094512343407,0.04099615663290024,-0.14864560961723328,-0.36192864179611206,-0.07765479385852814,-0.0798778086900711,0.05601303279399872,-0.014291035942733288,-0.09389741718769073,0.023035360500216484,-0.20550642907619476,-0.06373877823352814,0.010609528049826622,0.13402965664863586,-0.004687652923166752,-0.08295564353466034,0.1952083706855774,-0.05337921157479286,-0.15713655948638916,0.0304628387093544,0.06597302854061127,0.22449566423892975,0.19313408434391022,0.022207040339708328,0.0429302379488945,-0.06360531598329544,0.1184677854180336,-0.15688927471637726,0.0346219465136528,0.15526926517486572,0.029850751161575317,0.05430583655834198,0.06073670834302902,-0.11468611657619476,0.024202441796660423,0.08806577324867249,-0.17199435830116272,0.012580412440001965,0.020206721499562263,-0.10382778942584991,-0.08312888443470001,-0.046612564474344254,0.17013227939605713,0.11400339007377625,-0.04483116790652275,-0.19679555296897888,0.1630224585533142,-0.15475407242774963,-0.045348022133111954,0.011530764400959015,-0.11427632719278336,-0.1518258899450302,-0.3590168356895447,0.036641478538513184,0.39644545316696167,0.16626380383968353,-0.17095988988876343,0.12166799604892731,-0.014260021038353443,-0.056426260620355606,0.189154252409935,0.07835017144680023,-0.04800022765994072,0.042132455855607986,-0.12624123692512512,0.06582055985927582,0.21865731477737427,0.009233877062797546,-0.06279414892196655,0.12739451229572296,0.0007649101316928864,0.052773989737033844,0.025023188441991806,0.002288202289491892,-0.07594206929206848,0.01081007719039917,-0.16230426728725433,-0.03552980348467827,0.14193713665008545,0.009943746961653233,0.0004026908427476883,0.1360003501176834,-0.12975889444351196,0.04681498557329178,0.03286290541291237,-0.0014969101175665855,-0.017106730490922928,0.029852528125047684,-0.13906891644001007,-0.05419015884399414,0.10596250742673874,-0.1934613734483719,0.1608647257089615,0.18314245343208313,0.04187867417931557,0.10666961967945099,0.1457119882106781,0.013346122577786446,0.03573531657457352,-0.011060662567615509,-0.1876729279756546,-0.05789076164364815,0.06123274937272072,0.056188903748989105,0.12300149351358414,0.05341412499547005,0.0
9,-0.11282207816839218,0.10718343406915665,0.04927602782845497,-0.040681641548871994,-0.07191579043865204,-0.06627518683671951,-0.058076560497283936,-0.07281448692083359,0.12527978420257568,-0.06807085126638412,0.13780565559864044,-0.058772481977939606,-0.178670272231102,-0.07416614145040512,-0.007396405562758446,0.12467961758375168,-0.1456831395626068,-0.17105796933174133,-0.04707157611846924,-0.07333876937627792,0.09066055715084076,-0.0228425282984972,-0.0591355562210083,0.06870812922716141,-0.130858913064003,-0.35270342230796814,-0.092817522585392,-0.05229269713163376,0.09174323827028275,-0.07466226816177368,-0.0731581375002861,0.033248044550418854,-0.17058759927749634,-0.05635976791381836,0.04385200887918472,0.1136542558670044,-0.04138418287038803,-0.12809330224990845,0.2241320013999939,-0.012768189422786236,-0.15670883655548096,-0.008799812756478786,0.0491107702255249,0.26509517431259155,0.14974939823150635,0.026319297030568123,0.06392601132392883,-0.04234377294778824,0.10596978664398193,-0.200693279504776,0.04183914512395859,0.18204285204410553,0.042125023901462555,0.05670523643493652,0.09766216576099396,-0.15021979808807373,0.02100014127790928,0.08894213289022446,-0.22250401973724365,0.05811648815870285,0.001807049848139286,-0.14650341868400574,-0.08572356402873993,-0.09064207226037979,0.14636322855949402,0.1323871910572052,-0.04119964689016342,-0.20405437052249908,0.1998404562473297,-0.1757354438304901,-0.07227206975221634,0.03160439059138298,-0.08256896585226059,-0.13853660225868225,-0.33259525895118713,-0.0049967337399721146,0.40232276916503906,0.2092115432024002,-0.14684553444385529,0.10930684208869934,-0.018292788416147232,-0.06447871029376984,0.1297168880701065,0.06843265146017075,-0.09775873273611069,0.06118825078010559,-0.11550159007310867,0.10546641051769257,0.18989220261573792,0.03412429988384247,-0.07092302292585373,0.11948124319314957,0.013219107873737812,0.05688757076859474,0.03098796308040619,0.013779934495687485,-0.09293286502361298,-0.01806010864675045,-0.13285531103610992,-0.04414786398410797,0.14083407819271088,-0.031144792214035988,0.032149482518434525,0.16437596082687378,-0.16296589374542236,0.08042626082897186,0.0145029928535223,-0.030533630400896072,-0.06463988870382309,0.02994823455810547,-0.15475104749202728,0.008608872070908546,0.11250921338796616,-0.24128079414367676,0.15673528611660004,0.19636240601539612,0.02758757956326008,0.10714606195688248,0.10910069197416306,-0.02507147006690502,0.03864319622516632,-0.09248494356870651,-0.18912826478481293,-0.0850430279970169,0.028758082538843155,0.05409025773406029,0.10180485248565674,0.06463106721639633,0.0
10,-0.09226759523153305,0.10892873257398605,0.06880537420511246,-0.03415066748857498,-0.06955195963382721,-0.03202665597200394,-0.07351534068584442,-0.09086310118436813,0.08384785056114197,-0.11653047800064087,0.1383170187473297,-0.06920445710420609,-0.1717173010110855,-0.05107308551669121,0.0398709699511528,0.12286382913589478,-0.12152358144521713,-0.17686837911605835,-0.06309860199689865,-0.06843111664056778,0.10112305730581284,-0.002880627755075693,-0.10059969872236252,0.0704185739159584,-0.12155745923519135,-0.35071414709091187,-0.08743736147880554,-0.05118942633271217,0.05607303977012634,-0.06850633025169373,-0.05254670977592468,0.04475781321525574,-0.14608240127563477,-0.023050080984830856,0.03600678592920303,0.13901901245117188,-0.05758721008896828,-0.12571606040000916,0.17799592018127441,-0.0537073127925396,-0.15892887115478516,-0.0033812513574957848,0.06361378729343414,0.22001111507415771,0.1487991213798523,0.0400274433195591,0.0675053820014,-0.019172385334968567,0.1113038957118988,-0.19280165433883667,0.05434209108352661,0.154965341091156,0.06724180281162262,0.12006078660488129,0.08981916308403015,-0.18055270612239838,0.04560390114784241,0.08233093470335007,-0.21113146841526031,0.0652964860200882,0.015682999044656754,-0.20436958968639374,-0.045401185750961304,-0.0645855963230133,0.1700214296579361,0.12065821886062622,-0.04155467823147774,-0.1855444461107254,0.1993604600429535,-0.15432631969451904,-0.090793177485466,0.022562123835086823,-0.11257758736610413,-0.13286539912223816,-0.3061540722846985,0.02395622245967388,0.38461318612098694,0.2090454399585724,-0.14359253644943237,0.09971004724502563,0.0118611641228199,-0.03534480556845665,0.11803025007247925,0.08235420286655426,-0.048739321529865265,-0.002095715142786503,-0.1002354845404625,0.11206761002540588,0.1955590695142746,0.031649693846702576,-0.06783611327409744,0.12398357689380646,-0.010150346904993057,0.04885735735297203,0.026084518060088158,0.015505519695580006,-0.07731440663337708,-0.003631505649536848,-0.0898357406258583,-0.022836754098534584,0.11035323143005371,-0.03260426968336105,0.02049253135919571,0.1544363796710968,-0.14233365654945374,0.13178545236587524,-0.014724167063832283,0.020102107897400856,-0.05284355953335762,0.03652980923652649,-0.14414852857589722,0.028368258848786354,0.11590482294559479,-0.23631435632705688,0.1731172353029251,0.1790522336959839,0.03179158270359039,0.1274222880601883,0.0877252146601677,0.02263486385345459,0.048932671546936035,-0.10855977237224579,-0.2485843449831009,-0.09029994904994965,0.058886803686618805,0.06363176554441452,0.08333529531955719,0.09178884327411652,0.0
11,-0.11187978833913803,0.12749312818050385,0.0725841075181961,-0.0030741619411855936,-0.09420224279165268,-0.014068438671529293,-0.02012181095778942,-0.07504104822874069,0.11168168485164642,-0.09693490713834763,0.15457825362682343,-0.023664236068725586,-0.23853522539138794,-0.016644364222884178,0.030351124703884125,0.13294142484664917,-0.16629967093467712,-0.21043571829795837,-0.058624058961868286,-0.09352856129407883,0.04015088081359863,-0.017901930958032608,-0.028779976069927216,0.06963887065649033,-0.03575343266129494,-0.34294119477272034,-0.07569100707769394,-0.07341133803129196,0.10810421407222748,-0.07633128017187119,-0.026458021253347397,0.01358775608241558,-0.13526490330696106,0.005355099216103554,0.024440253153443336,0.09270667284727097,-0.023249994963407516,-0.17340748012065887,0.20241770148277283,-0.05097472295165062,-0.1304554045200348,-0.03724585473537445,0.049258191138505936,0.2704513967037201,0.1232844740152359,0.022407658398151398,0.0873778834939003,-0.03940767049789429,0.08471869677305222,-0.2086905837059021,0.054126668721437454,0.16261181235313416,0.10051734745502472,0.10860763490200043,0.047180041670799255,-0.22889220714569092,0.054859474301338196,0.1291593313217163,-0.17950847744941711,0.1482597440481186,0.037414297461509705,-0.13213811814785004,-0.030671987682580948,-0.061293523758649826,0.24215391278266907,0.13384373486042023,-0.07012118399143219,-0.21965272724628448,0.18757681548595428,-0.16368208825588226,-0.11167238652706146,0.05896616354584694,-0.1372707486152649,-0.1545604169368744,-0.2029791921377182,0.03415670990943909,0.4169987142086029,0.19975337386131287,-0.16545189917087555,0.030582433566451073,-0.04658344388008118,-0.031976938247680664,0.08573820441961288,0.14149299263954163,-0.07622619718313217,-0.057634387165308,-0.16297079622745514,0.04118623584508896,0.23710359632968903,0.026582684367895126,-0.09062386304140091,0.15747526288032532,0.019587116315960884,0.007231896743178368,-0.011000961996614933,0.01901177316904068,-0.059788599610328674,0.04613540321588516,-0.0902453139424324,-0.062101107090711594,0.0624188631772995,-0.09360237419605255,-0.030003219842910767,0.12205912172794342,-0.17077352106571198,0.10426461696624756,-0.023777909576892853,0.027105819433927536,-0.022390691563487053,0.04108458012342453,-0.10125940293073654,0.01454254426062107,0.14734062552452087,-0.2708556354045868,0.216502383351326,0.2546798884868622,0.08631660044193268,0.14459992945194244,0.0309633519500494,0.09167756140232086,0.08703494817018509,-0.10272685438394547,-0.20793724060058594,-0.0834592655301094,0.01183637510985136,0.027967609465122223,0.012380648404359818,0.0952746719121933,0.0
12,-0.06757856905460358,0.05693637207150459,0.05501548945903778,0.020989172160625458,-0.0603049211204052,-0.011617448180913925,-0.048497557640075684,-0.09919348359107971,0.07215147465467453,-0.05670970678329468,0.1456412822008133,-0.04831520840525627,-0.18910270929336548,-0.06029967963695526,0.03510814905166626,0.13487271964550018,-0.1400742381811142,-0.17858847975730896,-0.09186932444572449,-0.09035484492778778,0.0869871973991394,-0.03058103658258915,-0.04620795696973801,0.058791384100914,-0.12382800132036209,-0.3569277822971344,-0.0914851576089859,-0.09817975759506226,0.09705013781785965,-0.08527307957410812,-0.056623149663209915,0.025717949494719505,-0.1793108582496643,-0.030222412198781967,0.0430012010037899,0.07075531780719757,-0.059618789702653885,-0.16876859962940216,0.2087114155292511,-0.042227502912282944,-0.1573396921157837,0.009663505479693413,0.05674079805612564,0.20131738483905792,0.15921153128147125,0.04788496717810631,0.07021540403366089,-0.014270033687353134,0.11671028286218643,-0.20465722680091858,0.05184211954474449,0.1660914123058319,0.06589341163635254,0.1366303712129593,0.06351117044687271,-0.18942511081695557,0.04948503524065018,0.11406324058771133,-0.22220361232757568,0.10725874453783035,-0.01525951735675335,-0.18863825500011444,-0.02762087993323803,-0.05470852926373482,0.19564001262187958,0.14710980653762817,-0.05945761874318123,-0.17805646359920502,0.18790486454963684,-0.13645802438259125,-0.07686098664999008,0.013879558071494102,-0.14467786252498627,-0.14702390134334564,-0.31317800283432007,0.019419491291046143,0.409964919090271,0.15910691022872925,-0.18298238515853882,0.06015319377183914,-0.004790730774402618,-0.020398730412125587,0.11047633737325668,0.11936374753713608,-0.052136294543743134,-0.030224284157156944,-0.0970359742641449,0.07245854288339615,0.20584256947040558,0.02936168760061264,-0.09182029962539673,0.1378389149904251,-0.04152580350637436,0.03864319622516632,0.028940536081790924,0.05753698945045471,-0.09082847088575363,-0.0219452902674675,-0.07025745511054993,-0.04088308662176132,0.09490101784467697,-0.025189314037561417,0.015794631093740463,0.15081465244293213,-0.11792290955781937,0.11885342001914978,-0.027814000844955444,0.023289024829864502,-0.04905598238110542,0.0021482075098901987,-0.11257023364305496,0.042948465794324875,0.10300283879041672,-0.2549900412559509,0.24415506422519684,0.20276887714862823,0.027239322662353516,0.11595505475997925,0.04344426468014717,0.025235924869775772,0.02168719843029976,-0.0744742602109909,-0.25037500262260437,-0.08626940101385117,0.05855399742722511,0.050128888338804245,0.0598515048623085,0.06762965768575668,0.0
13,-0.06296002119779587,0.09432592242956161,0.0741405189037323,-0.026569116860628128,-0.09993483126163483,-0.0333394855260849,-0.037709303200244904,-0.051068585366010666,0.07938192784786224,-0.0633029043674469,0.1596202701330185,-0.03374122455716133,-0.19136054813861847,-0.055452823638916016,0.020244207233190536,0.13819089531898499,-0.13254180550575256,-0.17758825421333313,-0.057562604546546936,-0.10233786702156067,0.08675765991210938,0.0075808335095644,-0.08090081065893173,0.07110601663589478,-0.08592335134744644,-0.3182704448699951,-0.08113329112529755,-0.04236003756523132,0.13980500400066376,-0.0897936150431633,-0.04696708917617798,0.06875719130039215,-0.1391122192144394,-0.012205315753817558,0.05908280983567238,0.08483228087425232,-0.08973084390163422,-0.14940088987350464,0.22347933053970337,-0.060006171464920044,-0.15420284867286682,-0.019527912139892578,0.0711926743388176,0.252851665019989,0.16355860233306885,0.03138977661728859,0.08699937909841537,-0.03108186461031437,0.11289412528276443,-0.19975867867469788,0.0639386922121048,0.19636081159114838,0.07449302822351456,0.12407034635543823,0.058676473796367645,-0.19919350743293762,0.03998446837067604,0.10303829610347748,-0.2205936759710312,0.10504438728094101,0.0016548233106732368,-0.2096463143825531,-0.04442835599184036,-0.07140225172042847,0.1625175029039383,0.10066480189561844,-0.0415826290845871,-0.2466880977153778,0.22072163224220276,-0.18751730024814606,-0.09819746017456055,0.08098544180393219,-0.12494256347417831,-0.11978524178266525,-0.29409483075141907,-0.010313663631677628,0.39437535405158997,0.18728673458099365,-0.13671782612800598,0.09802514314651489,-0.004469620063900948,-0.05300367251038551,0.11609357595443726,0.09805388003587723,-0.06725284457206726,-0.03830129653215408,-0.1424461305141449,0.08586288243532181,0.22297808527946472,-0.0007789023220539093,-0.08671151101589203,0.12324678897857666,0.02693619765341282,0.032472819089889526,0.01579904928803444,0.045750297605991364,-0.06934422254562378,0.005087669938802719,-0.08128216117620468,-0.04746478796005249,0.0886208564043045,-0.057275258004665375,0.014117519371211529,0.1595756709575653,-0.1366281509399414,0.15451116859912872,-0.007213974371552467,0.04626484215259552,-0.06575670838356018,0.009025128558278084,-0.131874680519104,0.0255984328687191,0.12685082852840424,-0.24453258514404297,0.2095591127872467,0.19167548418045044,0.05635786056518555,0.10566911846399307,0.0632082000374794,0.03837158530950546,0.038786716759204865,-0.15344296395778656,-0.2226092517375946,-0.07916756719350815,0.02770756557583809,0.03574638441205025,0.06980443000793457,0.09333833307027817,0.0
14,-0.09166595339775085,0.08156077563762665,0.05747782066464424,-0.01616351678967476,-0.0642886757850647,-0.05117415264248848,-0.06049254164099693,-0.032293230295181274,0.10194902867078781,-0.06210201233625412,0.12710455060005188,-0.08199295401573181,-0.18474498391151428,-0.07924238592386246,0.02516336739063263,0.13988010585308075,-0.15688456594944,-0.1293991655111313,-0.05546609312295914,-0.05300106853246689,0.1034497320652008,-0.0047618369571864605,-0.05576283484697342,0.07921157032251358,-0.09487324953079224,-0.3972324728965759,-0.07108511030673981,-0.07763351500034332,0.08494434505701065,-0.07865475863218307,-0.07250022888183594,0.06734194606542587,-0.12408510595560074,-0.041229721158742905,0.04644061625003815,0.11123651266098022,-0.029092472046613693,-0.11899906396865845,0.2220536768436432,-0.03391078859567642,-0.18416030704975128,-0.018429094925522804,0.038752008229494095,0.24563537538051605,0.17348343133926392,0.02497522160410881,0.0630272626876831,-0.028032861649990082,0.12319816648960114,-0.22393926978111267,0.03906398266553879,0.18899373710155487,0.050203677266836166,0.0790717825293541,0.08775843679904938,-0.11735837161540985,0.004706064239144325,0.08074032515287399,-0.223575159907341,0.04535733535885811,-0.010082976892590523,-0.18354098498821259,-0.062277812510728836,-0.09612204879522324,0.14349856972694397,0.11807691305875778,-0.04900212585926056,-0.19875739514827728,0.1642729789018631,-0.1903323084115982,-0.0849219262599945,0.028379078954458237,-0.11049415916204453,-0.13479779660701752,-0.34418994188308716,0.006908874958753586,0.3557749390602112,0.18770191073417664,-0.15145981311798096,0.10714941471815109,-0.0170188806951046,-0.06424712389707565,0.12066163122653961,0.10053277015686035,-0.056446053087711334,0.027726661413908005,-0.07823771238327026,0.09514997154474258,0.18639647960662842,-0.01623660884797573,-0.05707269906997681,0.1185990646481514,-0.008103081956505775,0.049029406160116196,0.020164040848612785,0.01587836816906929,-0.059701599180698395,-0.023735076189041138,-0.11404525488615036,-0.035289108753204346,0.14793285727500916,-0.03909654915332794,0.03944700211286545,0.13480572402477264,-0.1839478462934494,0.0825730711221695,-0.00947425328195095,-0.02419913560152054,-0.006010511890053749,0.009291698224842548,-0.15924027562141418,-0.0010404473869130015,0.1447647511959076,-0.2205820232629776,0.1791413575410843,0.20199832320213318,0.031645070761442184,0.11116202175617218,0.07958926260471344,0.012400085106492043,0.021922651678323746,-0.09864117950201035,-0.17939695715904236,-0.0711001604795456,0.07286658883094788,0.09271075576543808,0.058104172348976135,0.032347165048122406,0.0
15,-0.08232186734676361,0.1168055534362793,0.054920174181461334,-0.011926846578717232,-0.0521317683160305,-0.033358555287122726,-0.06931193172931671,-0.08806807547807693,0.11021509766578674,-0.08638063073158264,0.21251057088375092,-0.09986403584480286,-0.1904023289680481,-0.1207292377948761,-0.00012284424155950546,0.18439315259456635,-0.21771903336048126,-0.1200159341096878,-0.04565822333097458,-0.031009986996650696,0.09840564429759979,-0.0061364611610770226,-0.024535594508051872,0.0544947125017643,-0.06476804614067078,-0.4086781442165375,-0.07239401340484619,-0.08143316954374313,0.07694844156503677,-0.07629203051328659,-0.08864107728004456,0.0901210755109787,-0.13152487576007843,-0.0459873341023922,0.019029904156923294,0.09671962261199951,-0.023802561685442924,-0.1135052889585495,0.21119539439678192,-0.06647607684135437,-0.17612215876579285,0.008809502236545086,0.03146527707576752,0.2275790125131607,0.18065835535526276,0.01126510463654995,0.06419539451599121,-0.07352027297019958,0.12708039581775665,-0.1761113405227661,-0.00702805258333683,0.1785077601671219,0.0505211278796196,0.06083795055747032,0.054788194596767426,-0.12393112480640411,-0.022503815591335297,0.08149886131286621,-0.1562790423631668,0.0060987090691924095,0.009736962616443634,-0.16480416059494019,-0.036802541464567184,-0.09711513668298721,0.15091262757778168,0.07656413316726685,-0.05350654572248459,-0.1984560638666153,0.1373925358057022,-0.13384148478507996,-0.0878230482339859,0.03097551316022873,-0.14723323285579681,-0.1555645614862442,-0.35467439889907837,0.00875872652977705,0.35718458890914917,0.1310424506664276,-0.1518111377954483,0.10512175410985947,-0.012030154466629028,-0.04956318065524101,0.1440504491329193,0.12110698968172073,-0.04052174836397171,0.01877123862504959,-0.12056749314069748,0.07983475923538208,0.18817266821861267,-0.05727106332778931,-0.06205811724066734,0.12939170002937317,-0.03536005690693855,0.07597872614860535,0.011480944231152534,0.021674972027540207,-0.04326290637254715,0.024399608373641968,-0.12697428464889526,-0.013942504301667213,0.13528326153755188,-0.023933567106723785,0.004352247808128595,0.12174446880817413,-0.12908042967319489,0.039012279361486435,-0.007973911240696907,0.02467353269457817,0.0033664610236883163,-0.012843643315136433,-0.14976510405540466,-0.013585994951426983,0.13858534395694733,-0.2140134572982788,0.16742652654647827,0.19548532366752625,0.025448044762015343,0.12106877565383911,0.11566241085529327,0.04650077596306801,-0.005161527544260025,-0.08318689465522766,-0.20552358031272888,-0.051411863416433334,0.11102698743343353,0.11282578855752945,0.06561955064535141,0.011453930288553238,0.0
16,-0.11471588909626007,0.11283204704523087,0.029989155009388924,0.00679163308814168,-0.04973211884498596,-0.055967990309000015,-0.08659020066261292,-0.08676676452159882,0.1444881111383438,-0.10239602625370026,0.14066709578037262,-0.04143092408776283,-0.17077834904193878,-0.07007256895303726,0.0249965637922287,0.12919409573078156,-0.1988356113433838,-0.13400422036647797,-0.05125117301940918,-0.07701252400875092,0.08049025386571884,0.035779036581516266,-0.016580667346715927,0.040346402674913406,-0.0853993147611618,-0.36566096544265747,-0.08987824618816376,-0.10549859702587128,0.09884709119796753,-0.015032590366899967,-0.1060822606086731,0.017197024077177048,-0.12474050372838974,-0.05318745970726013,0.025900565087795258,0.08642822504043579,-0.038250457495450974,-0.09168531000614166,0.2447660267353058,-0.005531306378543377,-0.16952794790267944,-0.008599098771810532,0.02692541480064392,0.26210665702819824,0.21021854877471924,0.036658912897109985,0.035038530826568604,-0.03888743370771408,0.1633153110742569,-0.1884702444076538,0.0148325739428401,0.21339857578277588,0.07003584504127502,0.060243844985961914,0.06802968680858612,-0.13811248540878296,0.002216915600001812,0.06670252233743668,-0.22590769827365875,0.04447754845023155,0.02022143080830574,-0.15919649600982666,-0.024476610124111176,-0.043876852840185165,0.18241137266159058,0.10823339223861694,-0.04530604928731918,-0.18609145283699036,0.1760563999414444,-0.18499168753623962,-0.07280415296554565,0.018680602312088013,-0.14605414867401123,-0.18674929440021515,-0.3177063465118408,0.004250477999448776,0.3691712021827698,0.17067666351795197,-0.10807400941848755,0.1276729553937912,-0.01326350774616003,-0.09695148468017578,0.14112290740013123,0.12403152883052826,-0.056598369032144547,0.03144031763076782,-0.11383774131536484,0.0648011788725853,0.21212337911128998,-0.04006270691752434,-0.06601016968488693,0.15146684646606445,-0.009101785719394684,0.06505872309207916,0.03424440324306488,0.0220867358148098,-0.08520370721817017,-0.01982693001627922,-0.148446187376976,-0.03344181925058365,0.10161539167165756,-0.04392210766673088,0.029772525653243065,0.10576726496219635,-0.13006208837032318,0.07420317083597183,-0.0017497038934379816,-0.00472535565495491,-0.07371465861797333,-0.03177717700600624,-0.15091831982135773,-0.01004990004003048,0.1499578058719635,-0.1708391010761261,0.18621930480003357,0.17489518225193024,0.04017390310764313,0.15894246101379395,0.09647585451602936,0.01021221000701189,0.008690116927027702,-0.05825256556272507,-0.1917586624622345,-0.07915771007537842,0.046963997185230255,0.09284251928329468,0.10087641328573227,0.06404858827590942,0.0
17,-0.09334259480237961,0.12770862877368927,0.032119642943143845,-0.024640247225761414,-0.042741041630506516,-0.057427432388067245,-0.09352200478315353,-0.11352475732564926,0.14615999162197113,-0.12758994102478027,0.19009186327457428,-0.02274451032280922,-0.16658611595630646,-0.08759493380784988,0.034970320761203766,0.1359541118144989,-0.1989252120256424,-0.1478026807308197,-0.054949790239334106,-0.07014527916908264,0.05660466477274895,0.04554836452007294,-0.00043104984797537327,0.04970433935523033,-0.09677045047283173,-0.36242780089378357,-0.09201322495937347,-0.09786087274551392,0.08077920228242874,-0.022860363125801086,-0.09555374085903168,0.0254842396825552,-0.13372071087360382,-0.052952591329813004,0.03551998734474182,0.13234840333461761,-0.04320603236556053,-0.09723427146673203,0.24530234932899475,0.0017684465274214745,-0.17402960360050201,-0.017279773950576782,0.01689956896007061,0.2837526798248291,0.21379907429218292,-0.0004543504910543561,0.04210544750094414,-0.04500167444348335,0.16197946667671204,-0.19767922163009644,0.03146708011627197,0.1875358521938324,0.07196749746799469,0.055069588124752045,0.06203554570674896,-0.14102154970169067,0.0047562001273036,0.10367707163095474,-0.22112271189689636,0.013991118408739567,0.0347914956510067,-0.16576316952705383,-0.029361916705965996,-0.044415876269340515,0.21965302526950836,0.1337905377149582,-0.07936622947454453,-0.1881844699382782,0.16927027702331543,-0.15230996906757355,-0.09326621145009995,0.016234681010246277,-0.16127415001392365,-0.1670076996088028,-0.340731680393219,0.0092786755412817,0.38356947898864746,0.1411721110343933,-0.12003088742494583,0.12333812564611435,-0.02791093848645687,-0.07446404546499252,0.14125105738639832,0.13211725652217865,-0.03647376596927643,0.031036224216222763,-0.12097789347171783,0.08074479550123215,0.2091083973646164,-0.03874293342232704,-0.08624212443828583,0.13696958124637604,-0.03609391674399376,0.09103261679410934,0.04001779854297638,0.0329781174659729,-0.08559329807758331,0.0005477000959217548,-0.16289885342121124,-0.006196442060172558,0.08234699070453644,-0.0192241333425045,0.015014105476439,0.12456348538398743,-0.12087985873222351,0.08788073062896729,0.014304593205451965,0.001965560019016266,-0.047998592257499695,-0.042835481464862823,-0.14955928921699524,-0.02155681699514389,0.14375537633895874,-0.20622789859771729,0.19892257452011108,0.16344207525253296,0.03886716067790985,0.1635870337486267,0.1167510375380516,0.000583467073738575,0.016496051102876663,-0.0636637806892395,-0.23009078204631805,-0.06363377720117569,0.05155659466981888,0.08539493381977081,0.10996658354997635,0.05845265090465546,0.0
18,-0.13494034111499786,0.11107216030359268,0.05897261202335358,-0.03143679350614548,-0.021060915663838387,-0.07236185669898987,-0.05561928078532219,-0.10528907179832458,0.10466130822896957,-0.09834909439086914,0.1852550357580185,-0.08314459025859833,-0.17217589914798737,-0.1331852227449417,0.0025375979021191597,0.1439988762140274,-0.16787691414356232,-0.15584947168827057,-0.04151957854628563,-0.06838860362768173,0.0737786665558815,-0.023735444992780685,-0.034851204603910446,0.029675185680389404,-0.0719994604587555,-0.36325356364250183,-0.09082067012786865,-0.06645599752664566,0.0521916002035141,-0.06253333389759064,-0.0825720727443695,0.07288675010204315,-0.15358230471611023,-0.06772056967020035,0.008822735399007797,0.09313461184501648,-0.035891804844141006,-0.05718753859400749,0.21182098984718323,-0.04605334624648094,-0.15039116144180298,-0.00014923838898539543,0.043897178024053574,0.27338653802871704,0.19390836358070374,0.025540759786963463,0.045594967901706696,-0.04379668086767197,0.09225232899188995,-0.179032564163208,0.03364136070013046,0.16769802570343018,0.04655031859874725,0.07205311208963394,0.059230055660009384,-0.15001152455806732,-0.0029960349202156067,0.050382718443870544,-0.15230323374271393,0.028784343972802162,0.03444088250398636,-0.18424832820892334,-0.05602838844060898,-0.05274685472249985,0.1830291897058487,0.09888139367103577,-0.04929075017571449,-0.18898071348667145,0.1683613806962967,-0.13284729421138763,-0.06448139250278473,0.009153695777058601,-0.13082768023014069,-0.1431860774755478,-0.3364242613315582,0.04074752330780029,0.35117825865745544,0.15463916957378387,-0.13742122054100037,0.12922589480876923,-0.02620975859463215,-0.03859094902873039,0.15384474396705627,0.10395126044750214,-0.06983426213264465,0.05954139307141304,-0.11004454642534256,0.07663296163082123,0.1610448956489563,-0.005813299678266048,-0.09776920080184937,0.10751219093799591,-0.021697739139199257,0.06968522071838379,0.05565545707941055,0.006827675737440586,-0.04106359928846359,0.002495830412954092,-0.16380754113197327,-0.011403365060687065,0.10654564201831818,-0.045953210443258286,0.009103089570999146,0.13028518855571747,-0.1149568110704422,0.08461358398199081,0.010043667629361153,0.02584731951355934,-0.07558608055114746,-0.0017632233211770654,-0.11580067127943039,0.009176904335618019,0.09254281222820282,-0.21082353591918945,0.17842039465904236,0.18684259057044983,0.04602525010704994,0.1500457525253296,0.13097748160362244,0.014290922321379185,0.021953865885734558,-0.05314348638057709,-0.18344929814338684,-0.050008051097393036,0.07443007826805115,0.11193529516458511,0.1182921752333641,0.07478488981723785,0.0
19,-0.13091276586055756,0.13352739810943604,0.056560926139354706,-0.025503719225525856,-0.020330339670181274,-0.058495257049798965,-0.0729096382856369,-0.11122706532478333,0.11578242480754852,-0.09190062433481216,0.19122830033302307,-0.07040894776582718,-0.1685766875743866,-0.15572333335876465,0.01397645752876997,0.14139389991760254,-0.16923514008522034,-0.16529755294322968,-0.04878464341163635,-0.0510479174554348,0.08236349374055862,-0.02038746140897274,-0.02361259050667286,0.04084370285272598,-0.09467704594135284,-0.3894854485988617,-0.08840380609035492,-0.07011859118938446,0.06180661544203758,-0.051022280007600784,-0.09764733910560608,0.04586075246334076,-0.16616658866405487,-0.08250555396080017,0.008291205391287804,0.13816800713539124,-0.02839755453169346,-0.06397835910320282,0.20797842741012573,-0.039675258100032806,-0.15518543124198914,0.022516164928674698,0.041661180555820465,0.2754369080066681,0.2013075351715088,0.035719506442546844,0.05671527236700058,-0.05997774004936218,0.12237787991762161,-0.17863275110721588,0.03531434014439583,0.1702147275209427,0.05690137296915054,0.06853636354207993,0.06454158574342728,-0.14687852561473846,-0.00879330188035965,0.06125076487660408,-0.17176824808120728,0.02480238303542137,0.013367200270295143,-0.16518016159534454,-0.056048646569252014,-0.06295493990182877,0.18702681362628937,0.10430748760700226,-0.05534224212169647,-0.18213899433612823,0.17237214744091034,-0.1323358118534088,-0.05957663431763649,0.02157226763665676,-0.1314665973186493,-0.14160805940628052,-0.35643577575683594,0.039702631533145905,0.3762112259864807,0.1401216983795166,-0.1577063351869583,0.1110982745885849,-0.03421446308493614,-0.04270996153354645,0.1464347541332245,0.10241494327783585,-0.05363161116838455,0.05227966606616974,-0.1335666924715042,0.08135131746530533,0.18472442030906677,-0.015044004656374454,-0.07701553404331207,0.11686309427022934,-0.0027017295360565186,0.09008665382862091,0.05207785964012146,0.03343060985207558,-0.06864315271377563,0.004935616161674261,-0.1762591004371643,-0.016206081956624985,0.11303168535232544,-0.027353741228580475,0.009607240557670593,0.11901591718196869,-0.11459674686193466,0.07627108693122864,0.029352650046348572,0.014412390068173409,-0.05494062229990959,-0.0077909426763653755,-0.13002510368824005,-0.016668520867824554,0.10735847800970078,-0.21560479700565338,0.17756053805351257,0.18872487545013428,0.03431554511189461,0.15132540464401245,0.1345803439617157,0.02185344509780407,0.013051183894276619,-0.058441318571567535,-0.18385754525661469,-0.05672924593091011,0.0634365975856781,0.10766670107841492,0.10958044975996017,0.06819850206375122,0.0
20,-0.1000119298696518,0.1140768900513649,0.05660957470536232,0.00457385927438736,-0.013027121312916279,-0.05243887007236481,-0.0665852278470993,-0.09021898359060287,0.13484814763069153,-0.10172826051712036,0.17594920098781586,-0.051885008811950684,-0.17264705896377563,-0.12591595947742462,0.020189356058835983,0.14839708805084229,-0.17167364060878754,-0.16078101098537445,-0.036567334085702896,-0.0559367835521698,0.10801955312490463,0.010767712257802486,-0.03035842999815941,0.030205026268959045,-0.0956258550286293,-0.3665262460708618,-0.07654961198568344,-0.08687853813171387,0.0718090608716011,-0.02180257812142372,-0.09677420556545258,0.03168906643986702,-0.1581464409828186,-0.06653530895709991,0.020268376916646957,0.11457981169223785,-0.007755698636174202,-0.07701457291841507,0.2045906037092209,-0.020031997933983803,-0.1692361831665039,0.010494321584701538,0.055078793317079544,0.2561296224594116,0.21077735722064972,0.034998297691345215,0.05718081444501877,-0.05869470536708832,0.1310306340456009,-0.16628755629062653,0.014039563946425915,0.15808896720409393,0.07091473788022995,0.07251585274934769,0.051986947655677795,-0.16390860080718994,-0.0005147242918610573,0.05402872711420059,-0.18211081624031067,0.04994402825832367,0.022154757753014565,-0.1722962111234665,-0.037202220410108566,-0.034593626856803894,0.17976424098014832,0.06307695060968399,-0.040982432663440704,-0.2016482949256897,0.15375809371471405,-0.1662471890449524,-0.07147373259067535,0.03800460323691368,-0.1456572413444519,-0.15003007650375366,-0.34410375356674194,0.02459706924855709,0.39024171233177185,0.1407904475927353,-0.13586989045143127,0.1398860216140747,-0.007202038075774908,-0.049100931733846664,0.1582275629043579,0.1266426146030426,-0.02348087914288044,0.047976184636354446,-0.13956858217716217,0.0615127757191658,0.2183840423822403,-0.030563298612833023,-0.07285818457603455,0.12181586772203445,-0.026209121569991112,0.07380850613117218,0.03592556715011597,0.01454111747443676,-0.07049237191677094,0.013970807194709778,-0.1539989858865738,-0.04954608902335167,0.09092557430267334,-0.03186730295419693,0.021422693505883217,0.09961612522602081,-0.12755393981933594,0.05604421719908714,0.0020756199955940247,0.014657366089522839,-0.05054044723510742,-0.006720083300024271,-0.1382996290922165,-0.009180006571114063,0.12146557122468948,-0.18322964012622833,0.1803007274866104,0.18516118824481964,0.050983015447854996,0.14868305623531342,0.12409037351608276,0.03959229961037636,0.013970177620649338,-0.04127884656190872,-0.19069704413414001,-0.05567416921257973,0.04581233859062195,0.0968533307313919,0.13182303309440613,0.05533815175294876,0.0
21,-0.0961267426609993,0.1054474264383316,0.03862087428569794,-0.027060244232416153,-0.04334203153848648,-0.051759954541921616,-0.07801708579063416,-0.10537232458591461,0.12551628053188324,-0.10207215696573257,0.17632877826690674,-0.05697347968816757,-0.13246017694473267,-0.08473170548677444,0.003293180838227272,0.14780747890472412,-0.16283734142780304,-0.13513603806495667,-0.031872645020484924,-0.08647458255290985,0.06936290860176086,-0.007298128679394722,-0.029040219262242317,0.07577747106552124,-0.10148689895868301,-0.3447566032409668,-0.0712229460477829,-0.10042271763086319,0.021786175668239594,-0.05493564158678055,-0.07258965075016022,0.052243415266275406,-0.14771586656570435,-0.044224634766578674,0.006299805827438831,0.0993129163980484,-0.022268086671829224,-0.08234874904155731,0.2107408046722412,-0.05795350298285484,-0.17234879732131958,-0.009729743003845215,0.06657597422599792,0.25973474979400635,0.2245028167963028,-0.013270670548081398,0.0357220359146595,-0.03404092416167259,0.14399701356887817,-0.17966796457767487,0.05303627625107765,0.133809432387352,0.05754638463258743,0.0534626767039299,0.0446389876306057,-0.14731918275356293,-0.005625354126095772,0.10917233675718307,-0.14445528388023376,0.030764643102884293,0.03456522151827812,-0.17567327618598938,-0.04203122854232788,-0.05451969429850578,0.21312135457992554,0.13297276198863983,-0.06488049030303955,-0.15840601921081543,0.15480175614356995,-0.12983553111553192,-0.07573632150888443,-0.018729716539382935,-0.16324017941951752,-0.1574198603630066,-0.3561478853225708,0.03493272885680199,0.3855491280555725,0.14318175613880157,-0.15376174449920654,0.1230931505560875,-0.018577642738819122,-0.001707723829895258,0.16773641109466553,0.12478422373533249,-0.03962274640798569,0.0051962835714221,-0.10161319375038147,0.07613847404718399,0.1985296607017517,-0.0033871354535222054,-0.09954509139060974,0.10138873755931854,-0.05545349419116974,0.062196891754865646,0.03666869178414345,0.019814172759652138,-0.06647151708602905,0.013142026960849762,-0.16177606582641602,0.005602223798632622,0.06517967581748962,-0.024981539696455002,0.005796387791633606,0.14439299702644348,-0.15384790301322937,0.08197050541639328,0.0197808425873518,0.029875118285417557,-0.029094655066728592,0.015325860120356083,-0.12442560493946075,-0.0064263599924743176,0.12460505217313766,-0.1773933619260788,0.18594633042812347,0.1457483321428299,0.052110955119132996,0.17695167660713196,0.11829843372106552,0.036581121385097504,0.019348248839378357,-0.0469658188521862,-0.22484414279460907,-0.013905171304941177,0.08006300777196884,0.07756021618843079,0.12488261610269547,0.07735459506511688,0.0
22,-0.0865820050239563,0.09755244851112366,0.03747865557670593,-0.02136225253343582,-0.06932860612869263,-0.04963429644703865,-0.05198657140135765,-0.08952417969703674,0.10544384270906448,-0.07497420907020569,0.17915385961532593,-0.021437091752886772,-0.14400552213191986,-0.09029337763786316,0.01875957101583481,0.11721237003803253,-0.14122138917446136,-0.1490185558795929,-0.009815690107643604,-0.09602894634008408,0.05097673460841179,-0.03690699487924576,-0.03615463152527809,0.0845014825463295,-0.11025609076023102,-0.3384247422218323,-0.08136337995529175,-0.059152573347091675,0.04950766637921333,-0.04112692177295685,-0.04677321016788483,0.06916970014572144,-0.15601173043251038,-0.03302759677171707,0.011197315528988838,0.08481097966432571,-0.04538257420063019,-0.08575024455785751,0.22799158096313477,-0.06509754061698914,-0.1684732586145401,-0.012862327508628368,0.08770014345645905,0.28321096301078796,0.2155352383852005,-0.02601015195250511,0.04746970906853676,-0.014810347929596901,0.12848244607448578,-0.18243472278118134,0.08101673424243927,0.15926159918308258,0.037761397659778595,0.06285145878791809,0.02971566654741764,-0.15243634581565857,-0.011606171727180481,0.12868642807006836,-0.1564871221780777,0.05248858034610748,0.0120588019490242,-0.18521733582019806,-0.053641147911548615,-0.07086104154586792,0.20575883984565735,0.14554275572299957,-0.07167797535657883,-0.2055288404226303,0.15167269110679626,-0.14770032465457916,-0.08415143936872482,0.006123085506260395,-0.1657898873090744,-0.1391492486000061,-0.3695562779903412,0.07186216115951538,0.39284244179725647,0.130449116230011,-0.1262916624546051,0.1235407143831253,-0.017957216128706932,-0.027329450473189354,0.15743976831436157,0.11970020085573196,-0.04299056529998779,-0.04148877412080765,-0.1125742495059967,0.08358827978372574,0.20534226298332214,0.01255539245903492,-0.12018291652202606,0.08232046663761139,-0.041041478514671326,0.05014179274439812,0.029572738334536552,0.06603319197893143,-0.0802379921078682,0.03445354849100113,-0.16263934969902039,0.015930848196148872,0.07064370810985565,-0.0466318279504776,0.010691536590456963,0.15935122966766357,-0.15918800234794617,0.09764716774225235,0.03650867938995361,0.031505972146987915,-0.01766994036734104,0.013903072103857994,-0.150726780295372,-0.01149822399020195,0.10436786711215973,-0.21781735122203827,0.22804704308509827,0.13982820510864258,0.07636132836341858,0.16326183080673218,0.12060819566249847,0.023408327251672745,0.03414902091026306,-0.0634014829993248,-0.1963394731283188,-0.012124355882406235,0.05909707769751549,0.05736202374100685,0.11049935966730118,0.08445275574922562,0.0
23,-0.08715900778770447,0.0988098606467247,0.05337125435471535,-0.030576426535844803,-0.05392387509346008,-0.04882887005805969,-0.0749267116189003,-0.0942118838429451,0.11716122925281525,-0.10788507759571075,0.16357769072055817,-0.020095767453312874,-0.14167697727680206,-0.06804246455430984,-0.003149906173348427,0.1220461055636406,-0.14695000648498535,-0.1424720287322998,-0.007871870882809162,-0.10114063322544098,0.04329061880707741,-0.00959829892963171,-0.04519912227988243,0.05795500427484512,-0.1132192313671112,-0.3367283046245575,-0.0917009487748146,-0.08029419183731079,0.01980363205075264,-0.04519150033593178,-0.05126490071415901,0.07125365734100342,-0.1391705423593521,-0.0282770823687315,0.012029078789055347,0.07882193475961685,-0.022951969876885414,-0.07054074108600616,0.21884751319885254,-0.05096975713968277,-0.16841594874858856,-0.0027509313076734543,0.07045920938253403,0.2837294936180115,0.2092725932598114,-0.034217655658721924,0.024896670132875443,-0.026378609240055084,0.14135833084583282,-0.1984274536371231,0.08949252963066101,0.13737104833126068,0.033782534301280975,0.06844373792409897,0.048025913536548615,-0.1453557163476944,-0.011907265521585941,0.11993595957756042,-0.16363535821437836,0.05786105617880821,0.027449708431959152,-0.20032760500907898,-0.04375660419464111,-0.06885764002799988,0.2084438055753708,0.1554594188928604,-0.08064498007297516,-0.1861085593700409,0.1534470021724701,-0.13662834465503693,-0.06255938112735748,0.0025494471192359924,-0.1451541930437088,-0.14224755764007568,-0.34465885162353516,0.0745355635881424,0.38799306750297546,0.15541762113571167,-0.13811029493808746,0.11491869390010834,-0.033248551189899445,-0.037993013858795166,0.16645686328411102,0.1227501705288887,-0.022387802600860596,-0.028441354632377625,-0.0839766412973404,0.08409471064805984,0.20444385707378387,0.01714254543185234,-0.12268324196338654,0.10488807410001755,-0.062010422348976135,0.07095258682966232,0.027807075530290604,0.0535351000726223,-0.09308433532714844,0.01385643519461155,-0.16451360285282135,0.019492730498313904,0.0514044351875782,-0.03470273315906525,-0.0008684839121997356,0.15736998617649078,-0.13731622695922852,0.11076470464468002,0.025306914001703262,0.02575106918811798,-0.02856159582734108,0.006206552032381296,-0.12839344143867493,0.002743976656347513,0.11929648369550705,-0.2096853256225586,0.22331452369689941,0.11583981662988663,0.06942685693502426,0.17925718426704407,0.11257027089595795,0.009830528870224953,0.02817709930241108,-0.08150245994329453,-0.21409988403320312,-0.013479914516210556,0.07346934825181961,0.05414244160056114,0.11872386932373047,0.07853854447603226,0.0
